Coord_X,Coord_Y,label
-1.6132816588096144,0.3402874341899076,Blue
4.287667750614494,6.803940933544013,Red
3.59361836668852,7.731527154369013,Red
2.637534031072055,4.615306058054141,Red
-1.604958147872047,2.3855153577216317,Blue
-2.669353118846086,0.14825510690688115,Blue
4.0960053970365236,4.981778959511816,Red
2.687632913863161,5.836011406791483,Red
0.07242454110512775,0.018763802779152905,Blue
6.8210942077673336,3.523316927824946,Red
4.440792327551531,6.771270938303129,Red
1.8195939928258957,9.373621844826058,Red
-2.5787360730270565,-1.950979923562002,Blue
1.7740627518134084,7.335079267266964,Red
0.5817640330168845,7.471589145191432,Red
-0.7631809432962314,2.0921098957428876,Blue
-5.45471700016645,-0.30470946439762514,Blue
5.126057745017329,2.4228483435890524,Red
4.318386816358929,5.140069929324973,Red
-2.7208253542658616,-3.2779041784960024,Blue
-3.5972894359085803,0.16095494502736218,Blue
6.060690355085546,4.702321217467851,Red
1.3424447676419184,3.500851122058708,Red
-0.1758297430651543,-1.588014688627069,Blue
3.0632922887890617,5.049670879750035,Red
2.415921253616445,7.493486432147481,Red
2.1127935200492307,2.3652663207912368,Red
3.536382293140191,6.241707436474463,Red
0.29530303758607634,0.6125125501841879,Blue
0.005519004182711007,3.101788200081959,Blue
-2.3281991273861617,1.1736574293024877,Blue
2.8428895966736274,4.033977756210381,Red
-2.301089786810909,-1.0756970810290618,Blue
4.819833022212807,3.9190440336593455,Red
0.3680488056572069,0.5847350239079685,Blue
-3.475628711762146,-0.20162902936781635,Blue
-0.26778824043613847,4.5110492815452865,Red
0.8740211449859436,3.6101824445707438,Red
-2.5178034073176065,0.058293692090882754,Blue
2.8040165615748314,4.851960109650497,Red
-0.7826142411983616,-1.57893999788309,Blue
-1.8431720062345942,2.898056753871436,Blue
-1.0917069806977588,3.7102482128493586,Red
4.2888726766935825,2.1049023425743525,Red
1.2832664615132057,0.6853700412501154,Blue
0.5720217581805933,2.490774875474968,Red
1.985275864222474,5.99058692912081,Red
4.966663965261336,2.786442607177393,Red
1.0834103179064893,3.07417279384324,Red
3.224337490694385,3.7042963195907914,Red
2.3411142567546026,6.111721703335484,Red
2.89339353510533,6.725444951147076,Red
4.282160270900267,1.8829244991374061,Red
-2.0589385772150894,-1.8848244037935724,Blue
2.127334005876129,2.6928423265902954,Red
3.341915659269622,1.856689955063756,Red
0.7321449355968344,3.2425015147149816,Red
0.9639583706757218,0.7757988317970423,Blue
2.066807537456509,3.047186052324892,Red
-4.473659996342519,-1.0853083518802626,Blue
2.7158727542859245,3.1077228859276667,Red
2.577169831014448,5.4359899888337795,Red
-1.9286180423887247,8.991223209005305,Red
-0.6591378197137859,-0.16241270875309322,Blue
-2.068706389939285,-3.6976476550873416,Blue
-1.349151094121789,-0.06036654894561144,Blue
3.526911379032157,0.0423121746140519,Blue
2.3118260866531086,3.2715387376427127,Red
1.2045844139001742,-1.939357048522041,Blue
2.2522952169040256,4.253171923495477,Red
1.1950177219825764,6.096939317448102,Red
3.091740259597916,1.7490033622773997,Red
0.32526639186566886,5.801208833918572,Red
-1.6650382184888453,-3.050886571154949,Blue
2.96020301093622,-2.319615169424994,Blue
2.2573993519647075,2.191804744819458,Red
-0.6030681962621425,-0.4608713308877652,Blue
-0.8078199054714919,-4.577144241720116,Blue
-0.4730072813529158,1.8092180007887273,Blue
-2.8618996878608822,-1.3468514275624774,Blue
0.15312228926995664,3.6571873486032196,Red
-1.3932881937996031,4.6743240616752315,Red
2.2081065503116086,2.513419523954354,Red
-3.248961826804397,-0.13033389296411546,Blue
2.2056216326449705,3.687695506912213,Red
-4.604479850790029,-0.4080913249889073,Blue
2.6953405963482293,5.895637688597527,Red
2.8789854968495985,5.424736918248621,Red
-2.0295568575177514,7.468096833881486,Red
0.14338706375691457,1.3073270899200349,Blue
-0.797207395993444,4.443123396908243,Blue
0.09775151503087498,3.7467301106426114,Red
-4.159232782810664,0.5695670664155528,Blue
-3.9800331524253525,-1.1923515496511694,Blue
-2.2558898736356268,-1.4511588000561109,Blue
-2.800559939764489,-5.318231265886326,Blue
3.578051156329117,9.926695641362201,Red
-0.9953121595549106,3.151950391318361,Blue
-1.4078487924427896,6.312926113592359,Red
-2.715689363746303,1.1952279400713426,Blue
0.5998923250545354,-3.505375530522909,Blue
-1.5142437848270127,4.453099848542131,Red
-2.113165358225447,4.8141924308724615,Red
1.3934441051914204,4.055827626668568,Red
5.969762498701693,1.0412814662730723,Red
3.476992849362734,3.910581087466186,Red
-2.171833175381037,-1.34677842602096,Blue
2.6435251898195187,6.040750398692891,Red
-0.768319829729327,5.573850678510493,Red
4.384154591795729,4.628061350219901,Red
0.8841545909814768,4.513723490243918,Red
3.433384361773053,2.8694451117641737,Red
0.1676543697088415,6.556644695305639,Red
1.9714177673700375,0.700054783523814,Blue
5.35469984958938,-0.3120293930639617,Red
2.6060594557300436,3.1761112236577267,Red
-1.9034500887383639,2.337684862753179,Blue
-0.4595566161067501,0.7459858424998573,Blue
1.1390971337787148,4.786623301901482,Red
-1.7647137025544568,-2.139744751720025,Blue
0.6973713897652829,5.212244251987159,Red
-0.5218942885949092,-3.0116837732817037,Blue
-1.1307983848748755,3.9809444398809677,Red
-2.1140484784284395,0.020735955529912253,Blue
-1.8273532934606203,-0.6601722353830013,Blue
-1.8547490736449035,-1.1287997338888403,Blue
0.1289321026219743,5.718902333775812,Red
0.48917388381849203,5.622377558734748,Red
-2.2522255797351463,2.416702341084191,Red
-3.8082950252711627,-0.9987053719105042,Blue
2.1827237897066665,5.511513764306274,Red
4.4351073901954114,5.9085087277412445,Red
0.8697190340604162,-2.5601136560008464,Blue
2.0473008489235935,3.702447001486809,Red
1.159877646992722,2.6938442842246983,Red
3.5527804404335583,5.871463968740329,Red
-3.6651393080679004,-4.063823244313604,Blue
2.955378672475902,6.859666840144037,Red
2.7140455936206314,5.362796041855056,Red
-0.8328808865198322,1.0337168658487765,Blue
0.4429174958972073,6.015554219883041,Red
-4.921357182884792,-2.9192436431042683,Blue
3.90713935985892,1.968486347413343,Red
1.0703793018547663,1.0894409455935965,Red
1.664043214710626,-0.9388894701840218,Blue
-1.0389803360828291,8.056194685004751,Red
-1.035370422712157,1.7540012129210996,Blue
-1.2663701514593448,2.9529774936967534,Red
2.6249645241070936,0.5000530872394642,Blue
0.42745519217424155,3.8408900303548346,Red
-2.680383709587976,-1.6891260526070409,Blue
3.6412745284643933,3.0639748308779184,Red
2.6467068282856205,-7.057982129824047,Blue
1.0891714749473882,3.6213244811373064,Red
0.9581038061610987,-2.551264870734978,Blue
1.0526843466264082,7.007903242662698,Red
-1.1702087430918322,-0.8378234004842405,Blue
-0.7857726286748228,0.8542815656813798,Blue
1.782667393477995,-2.382579061473789,Blue
2.0128005105261852,3.595040908448949,Red
5.100888941303971,3.0385283690624387,Red
2.5522666780320935,2.5720886800501233,Red
4.08557959005649,2.8546856547236215,Red
-0.6962320957800991,1.275340860077287,Red
4.229452384794856,4.619414163080933,Red
1.1922571849787347,1.3974225308818893,Blue
-1.3573656278573216,-2.1421633465173073,Blue
-5.195901371122,-4.151849633073807,Blue
-1.2274973967939098,4.609512197841593,Red
-1.982856490476381,1.413960963607003,Blue
-3.059116512092456,3.1736313724722263,Red
0.45114064786789165,7.445990482752771,Red
-1.2719403176111033,-4.309936240559082,Blue
-4.248432371777438,-1.5094553796348578,Blue
3.900845065424428,1.3630278492911558,Red
2.0987036279033644,7.342184789890752,Red
0.5344625321130136,2.405290229539505,Red
4.184512413537435,1.4077641606319182,Red
1.3797968382306964,2.6163397530685457,Red
-3.878644599322333,-1.1476273405887714,Blue
3.121360229981116,1.9325337105092495,Red
-0.37694386232537125,-0.8216301498063865,Blue
4.480154137506867,7.087482055148735,Red
-1.9123682786552578,-2.752220180627722,Blue
-1.3571245483009742,-0.40116281803594345,Blue
4.244272078182169,4.823652159069407,Red
-3.766862667705595,-6.694573295046562,Blue
5.371455613454025,3.433767055148005,Red
0.4624447917301331,-2.04588482703252,Blue
-0.8980723150599753,0.07875231947926764,Blue
1.7191679344779276,5.587696062014329,Red
-2.494561842316502,-2.9065838204757815,Blue
0.5220819664037846,5.967053274670272,Red
-2.0904261838876037,1.7474951523818412,Blue
5.349850795250418,3.624572001802256,Red
3.3035122536990027,3.5278645526859993,Red
3.019727415138868,-0.2614940935110406,Red
2.979055126196129,1.1641430240313078,Red
1.3501953170708498,3.467094017847554,Red
3.270406601556682,7.691876051970948,Red
-3.7591114224574516,2.3676833703104605,Blue
-4.588124005026824,-4.927399673903771,Blue
1.8654255954442909,-3.333186001284372,Blue
-0.5673922995147022,-0.3925208190317978,Blue
3.8931543314693733,5.456603568674312,Red
4.862707005798316,2.8395650910806713,Red
-0.3380113545380946,0.9021214661510899,Blue
0.901654365186725,-3.082944187297742,Blue
2.3586760107251457,-1.879102528896727,Blue
2.835073081308651,1.7041315049076493,Red
-1.6345121241570124,2.6713262882940714,Blue
-4.036752422436651,-0.5199318856671328,Blue
-1.2274097998260964,0.32405997512626294,Blue
1.7635419067162061,2.3211348032393335,Red
3.1675478664845795,1.0413528215877776,Red
-2.531946669124487,-1.7330696642455066,Blue
-0.35582980574320855,4.641636724013738,Red
2.9541735745210174,4.841100929457841,Red
-0.5296631696034346,0.20079681149693274,Blue
1.0538451636413393,4.639825752078754,Red
2.7891123989319286,3.7677154889435798,Red
-0.8881322265272816,-3.8138706058075185,Blue
-1.957457290003476,2.173986327954149,Blue
1.94639836441153,2.343721325211737,Red
-1.790852176243651,-1.6339781095674488,Blue
4.531415365906912,7.3535657860235935,Red
0.5647995829616261,-2.6653871872903476,Blue
-3.9191194074108715,4.307650916681768,Red
1.3803072128063856,-1.712004289203661,Blue
2.757515398469099,5.294920521188608,Red
-0.7391400100123157,-1.9302196491142072,Blue
-1.8571940031353629,0.45247809241806003,Blue
0.24096840997901947,6.73777142335212,Red
-0.28678060777717984,0.7801740117111873,Blue
0.09392954434967615,4.008493925620466,Red
-3.3609887582887397,-3.339620839238626,Blue
1.5840241357243503,5.93034052613738,Red
2.7085328433903078,4.7470355946471665,Blue
-3.5663020806879526,0.49329652478793684,Blue
-2.1474095836444507,-2.015892599899212,Blue
1.8587519012297506,0.463295351802806,Blue
-0.5651395341038312,-1.4330076564582626,Blue
2.0337472278636968,0.752787223639968,Blue
1.1784639710453693,1.4523454559815727,Blue
-1.6096601357261964,-0.4993128704782336,Blue
0.6456956831135809,-0.1979990872902615,Red
2.997255713874539,6.646405398592599,Red
0.5861525417804474,-1.9053468129952358,Blue
2.3320087902910114,7.65209929712407,Red
-0.7112773488609948,1.641991553852097,Blue
-3.136632977712821,-2.3143963876434395,Blue
-0.19496317392195817,6.004833049778267,Red
5.955956419301886,6.411211720626257,Red
-2.5141090132720376,-2.392626952696812,Blue
-0.8069097892296718,-3.077993729058398,Blue
3.5308516851269496,4.441130313677151,Red
3.6737999253880087,5.634265396389844,Red
1.8738780798875514,3.914522539843692,Red
-1.4523853489633232,1.4291428144578902,Blue
2.715983028557199,4.071138046031968,Red
-0.6855335282508455,-1.2869639833029478,Blue
3.025673118849411,4.139183785577308,Red
0.2499209332550847,-4.988756579886386,Blue
1.756190503378769,1.698388605640567,Blue
6.456027620290714,4.523605383215726,Red
3.4001433023188703,9.72947810805457,Red
-0.2982459098019019,5.74086884768341,Red
0.417911277688344,-3.189863762988944,Blue
3.7584978895811263,3.290247918614922,Red
4.959192703792869,4.498306856010972,Red
0.42650168121697685,-0.14107944799646477,Blue
2.270496961131618,1.8492509852497214,Red
5.323784457195482,3.697184676312897,Red
-3.878567881303151,-4.716693096378785,Blue
0.7248574482354835,7.5082223218346975,Red
-2.9510120047266204,-2.6182046257343803,Blue
1.8537142051994675,1.0528217076075324,Red
4.309263849328477,2.233098797313776,Red
-3.429768457085994,-2.6392635159970683,Blue
3.479127753294005,6.572864978714236,Red
3.6571848498090755,2.049557460657866,Red
-0.014361286518997929,4.688694871488853,Red
-2.1655412962274196,-1.76004603587577,Blue
-3.6807322620635183,0.5826094341488302,Blue
-2.6181014570881773,-0.9964303634930509,Blue
-1.6015086387718016,-2.241426383936327,Blue
4.150971519290174,5.996771232118755,Red
4.4047298508168655,6.030491510792041,Red
4.253119079973546,4.121300845235533,Red
2.8614200034845982,7.421433466991916,Red
-0.24072006876699348,1.8365526320676726,Blue
3.082185125067939,7.597864929645102,Red
1.117924346700628,4.301370502411962,Red
1.7398007788702228,5.097748452892478,Red
3.081520345033703,-0.9069830179090328,Red
-3.856063118638637,-1.9946077215483853,Blue
-1.8286661065678254,0.6879846779614123,Blue
4.317413479882642,4.288454140942899,Red
0.9357340020465785,1.7564477384686374,Red
0.28835224971014606,-1.3213182349598434,Blue
-0.9105230945880041,3.802998599956382,Red
1.5234798110956933,4.894511609571255,Red
-5.175297329418217,-0.16878152129710122,Blue
-3.0680321791907,-3.5413997048662624,Blue
-1.3782245074544848,-1.3216477432143652,Blue
-1.3216159610695457,-1.5208400544388003,Blue
-0.8351813522575706,2.9736446246101633,Blue
1.6678941668945622,8.053934227941502,Red
3.3517920253638325,3.424431706091732,Red
-0.7723243324439385,-0.46121580611297686,Blue
-1.395098970410559,-1.887734415802305,Blue
1.362339291421589,1.1709914800622379,Red
-3.0313753152644907,3.4128505736157724,Blue
1.4879032837725177,3.9433214482357606,Red
-2.342487002927551,-1.592540569034151,Blue
4.282255092997199,3.4363082938147373,Red
-0.557321755862541,5.635544862054403,Red
6.309719206664849,4.468007847973625,Red
-0.5270125038075815,5.247279180295795,Red
-0.5452312151619956,4.769789816782898,Red
-0.13842746759110458,-1.8506811111855281,Red
1.3525010841700533,2.2532650856587244,Blue
3.8295603721258766,3.6790961534252293,Red
1.8175930561018352,7.365174419884759,Red
4.989728593331558,9.12330708038159,Red
3.860180626057116,6.60773966989687,Red
0.40856971864006275,1.5027779704441966,Red
-1.192791435374883,-4.0954815373111,Blue
-0.5593751509261877,-3.530746895459037,Blue
-1.910368196391128,-1.2771240534211619,Blue
-4.7674690151500245,-2.7309964150043156,Blue
1.9243420980978363,2.5211009090467806,Red
-1.809944814637567,3.847479281385572,Red
4.340772512737877,0.8540598122505627,Red
-3.3784000297337657,-3.9127615669980136,Blue
2.05311568295597,3.7280932730165586,Red
0.9050900807141782,-2.969263628246865,Blue
1.6996375064415767,2.155282469843507,Red
1.5196126237030754,-0.9346871288532881,Blue
-0.22423713476536877,-4.061089724343335,Blue
-1.7456100929676177,-1.0489987948252169,Blue
3.465181532011402,0.12054891284321112,Red
-2.6941814337091907,-5.710466447565381,Blue
0.4668447433635259,3.687585610178103,Blue
2.7304630877885625,1.2203956452345501,Blue
2.1168616347242417,1.3408551069159529,Blue
-4.044903152461526,-0.32710473859261924,Blue
0.25796987142255356,7.0994895167311975,Red
1.681153758744657,-1.8379125691848148,Blue
0.769848447717935,3.972496447955718,Red
3.8775636617601563,2.6738561237526595,Red
-1.9506305004567353,-0.9431831603447611,Blue
1.7885540999219707,-2.1900703734576883,Blue
-3.7585502899829835,-1.9412357818195707,Blue
-3.8013761224108915,0.44539258115990576,Blue
1.540597512787571,0.2725917731202676,Blue
-0.8448776198498029,-1.8401807947536684,Blue
3.729809127054163,3.546255251981325,Red
-2.892133107765714,-1.4386156908508314,Blue
2.6216930885328056,4.586005024996976,Red
1.6175909658038186,-1.862136991988956,Blue
0.3510765174703476,-3.229972428565383,Blue
1.1046721656499379,4.700819015259683,Red
-1.543087210364805,-4.466007726607156,Blue
0.1312980865493687,7.671429891142024,Red
1.6292698910555083,-1.4714785533392225,Blue
0.9024417738011188,-2.7513823429715396,Blue
-1.9403380340536311,1.8284806337084896,Blue
4.866784410805906,6.945399307459182,Red
0.7251108857022102,-4.073387099515552,Blue
1.6148741844580998,4.000015854534743,Red
3.68375537492179,8.248885378278043,Red
0.7047899150387311,4.959535352796976,Red
3.208193479673172,4.751139964700883,Red
4.901519951317194,3.586899903395927,Red
0.6020879291212387,2.2489512134151037,Blue
-2.853322069840304,0.2156278683510917,Blue
5.666086617549267,6.282240801895471,Red
4.1407573317226944,7.645219702778679,Red
-1.0976226307447017,0.69197548781607,Blue
0.9727768716366527,2.420723270670042,Red
2.6069559279704704,-1.4413217528894853,Red
-1.663589793809278,-3.8126925895877197,Blue
2.2666983605981454,5.792721665591635,Red
0.5611783718181889,-3.0405573967488846,Blue
0.2813720270213227,-0.13532774465192743,Blue
-4.129031062718335,1.5265781746313811,Blue
-4.204559658552396,3.0737693954745735,Blue
0.8192488786636423,2.315370832690036,Blue
-2.241280620926807,-4.06275026723535,Blue
2.25500269989524,4.510564608609491,Red
0.02527806739687488,0.8530617550051731,Blue
1.3757007103602448,3.7411402832715024,Red
4.6035145519900835,5.0338151589002145,Red
5.4390139949076985,2.9401480149849304,Red
4.098456815234757,-2.1863297498369914,Blue
2.2525025543095256,-1.2867997726558777,Blue
3.274876536028364,8.609234122268258,Red
0.2867728959157525,-1.8631303902713836,Blue
-0.11843166772618618,-2.0396855886385117,Blue
4.08239218471116,5.061804255187575,Red
-1.512529505357534,0.301671044576294,Blue
1.5877769494765768,6.920852904317777,Red
1.0462421207867079,-0.2485019287850464,Blue
-0.6170127725320946,0.4086347711071603,Blue
4.13971217259098,-0.642428670644762,Blue
1.6572302441679558,-0.6259488042159824,Blue
-2.8759518058293247,-2.050813489734125,Blue
3.9113751218779056,2.868154859354634,Red
-1.253455376699343,4.043907318294487,Red
-2.9409904387469834,-1.5979582860572343,Blue
1.4171868550034363,0.8213888329769019,Red
3.242248181694551,4.637287629007291,Red
3.2814055852044923,2.736440837609843,Red
4.811178675363602,5.348624565413078,Red
-1.32540590001517,3.2917025640864117,Red
-1.725687592758646,-1.490357344939011,Blue
0.9248001607922747,-2.553111284484999,Blue
-0.13876578232094072,-0.9664865207915092,Blue
-2.6578063688034463,-4.286064774389266,Blue
4.025790100595143,4.5623876732312585,Red
-0.9038417540250082,-1.9516943495220007,Blue
-2.5611410831423593,0.06865563846173783,Blue
-2.4056505691124754,-1.5582121880161939,Blue
-0.006532640520792832,4.0875807922568415,Red
3.7236337911203816,3.32703165045063,Red
2.2776031868898694,1.3393493868884092,Blue
-3.3071603787417394,-1.1782440789034228,Blue
-3.472765626114791,1.608223209404255,Blue
2.4313882704524072,0.5083592374895911,Red
3.789717152974778,0.10033411601903364,Red
3.1447393386228457,2.264095561332112,Red
0.7305141257157175,2.4694995982741466,Red
3.6796958420251444,2.8567740827623656,Red
0.6119988071330924,1.846604553699816,Red
-3.952976582610581,-2.7758335485850436,Blue
1.9740021107650483,5.8410659556897295,Red
1.9494385929864575,0.7127699763502213,Red
4.8769407517014995,7.596525867347756,Red
-2.170685759210561,-1.8312514052239264,Blue
-2.658624819525147,4.156163953648227,Red
1.2315231428449893,0.16439593070814063,Blue
1.4999871920006305,1.7626082855181067,Red
1.898374822818477,-5.221100057127479,Blue
-1.1674039299009653,-1.0200916026103808,Blue
4.8737441465438565,8.661570173247302,Red
1.128993068511985,9.655966127599322,Red
2.580454364287491,-3.602872042051276,Blue
-2.24033579882056,4.672809563580894,Red
-1.1391519122644924,5.171063572349707,Red
2.4066892216507068,2.4693040187968514,Red
-3.5691964528873563,1.182798298258887,Blue
-1.8211120370395064,5.83145694097458,Red
2.78088413823717,6.201081915918847,Red
3.616105662166932,1.9164270407406465,Red
0.1568184150155314,6.343731978438553,Red
4.33203872813951,1.8289083067853182,Red
-1.919099161123337,-6.331043124458294,Blue
-3.6506933950863,-1.9412718801668765,Blue
3.961341072372875,6.845882648356317,Red
3.0795365963861974,7.321364850720985,Red
-4.2494770793457715,-0.9832677193470644,Blue
-0.35655430984693126,0.2534304138682921,Blue
2.839774009287178,5.654000986315491,Red
0.5953037870100435,-0.4043286171341909,Blue
2.2901434763945305,4.998847925331326,Red
1.4127090152115258,-2.466339316271821,Blue
-4.0840381264135655,-1.4608834284217596,Blue
-1.71451749174878,1.5175765340422003,Blue
-2.371865912383564,2.3879748579757942,Blue
2.356130417951991,3.709571869093187,Red
1.9534433038715866,4.4854034290104785,Red
1.911157929699927,6.012089593571616,Red
-2.3647353423042023,1.3978201810973276,Blue
0.29486298944248057,-1.8074779164631998,Blue
-0.06745742282629696,0.021549217990798786,Blue
1.3388165055872618,-1.0910163450161494,Blue
-3.121472420227217,-0.22606666027399458,Blue
-2.2165903062065153,4.992977008797017,Red
0.5863869611290018,1.8383464061080157,Blue
-1.121658165100857,-1.0607215495343367,Blue
-0.5436589149244696,0.9461506769451715,Blue
1.807321731474673,6.910831102295048,Red
-0.6051432127810101,5.4058625700307825,Red
2.426293169160055,4.454239439714052,Red
-0.6860544871777038,-1.1078166654666948,Blue
1.805153320295466,-2.8124174984207633,Blue
2.216549982859667,7.484929780148023,Red
0.00518077837268649,0.14623548491473493,Blue
0.9081817416728821,4.389538102484372,Red
0.9637262358836518,1.1979737532924353,Blue
-0.4545422707064552,2.8051486252730258,Blue
1.7734691446009059,0.044055829433514826,Blue
1.8742028678854377,6.192773467047615,Red
-1.3524260837128872,-3.6379987425456637,Blue
-1.6255953671551846,-2.9269114946521713,Blue
0.11539997243556455,-2.1296995584241127,Blue
0.398550290501799,-1.182868472378718,Blue
2.6207847304043903,3.2664095914618834,Red
0.6363745981831597,0.22550816231919413,Blue
0.15951058293312426,0.4240543072570424,Blue
-1.1321287460459295,-2.0185950507638903,Blue
0.9924660287083467,3.946041653018389,Red
-2.1529969437756993,0.5397390902857437,Blue
-2.14128246735578,-2.078261673958206,Blue
5.4526348540363365,2.6778344278598696,Red
1.3764410694140605,-3.03544376553918,Blue
-1.8222719571929855,-0.7664726853033242,Blue
1.9134805533944457,3.223868230077228,Red
3.252407667164994,3.375403608388609,Red
2.744025651636383,5.066882761216718,Red
0.34189203361775533,-2.6353460697105375,Blue
3.852045403632252,5.2172454640827315,Red
0.4259973328310078,5.141265647507538,Red
1.7534597053896102,0.10329206220721043,Blue
2.620637851528353,3.6846388944913695,Red
-4.040869809381265,-2.1472688451308968,Blue
-0.7481804023822373,-2.505744893029714,Blue
0.8888397019142338,-0.8694757928281708,Blue
-0.445527363970494,3.866707685151676,Red
3.446963279377442,8.614869225733353,Red
1.7847419147519674,5.028368798473836,Red
-1.9234357433646927,0.5806180677630091,Blue
-0.577089853585206,0.3482457765471103,Blue
2.891413983168384,4.122126200618828,Red
0.8237680279622315,-1.3550950880734969,Blue
-1.221703129733204,1.4303552730984523,Red
-0.5103416170389554,0.4730314892911036,Blue
-0.9785735373088561,3.6566385666071897,Blue
1.6828140128640432,3.481428222855006,Red
-0.34526428611069493,1.6380830525483034,Red
-3.3040806451818168,-0.7838652714511289,Blue
3.1344351052296417,4.578573846757768,Red
4.759018724886737,5.065262647972979,Red
0.684371858516182,-1.1064171217389873,Blue
2.035955512857597,1.3709468881085023,Blue
-2.0339647818618234,-0.9276551157953213,Blue
3.603934284855592,4.7695562497159445,Red
3.5642284066211447,4.042478845773582,Red
0.5050362028456836,1.2836308785542583,Blue
2.936015137221217,6.011107069665307,Red
-1.0428275932182716,-1.3447524056143214,Blue
0.7781759433725643,0.30968241217038384,Blue
-1.323137787402962,9.49737386377213,Red
-1.3037006264459559,-2.371563855674311,Blue
-2.926182005555108,-2.135461059972724,Blue
0.7172775581859896,-0.13007916484136195,Blue
2.2599522939759935,6.44464380417954,Red
3.1462613071979275,5.596212637024151,Red
-2.1364141750335968,-1.0894039778026703,Blue
1.9714063700318132,-1.3987152985097349,Blue
-1.9260539148680897,0.8300174294176834,Blue
1.3220117807527108,3.891511069509319,Red
0.08524371927455177,3.897872433101397,Blue
0.0019593900283123578,1.8244800305191737,Blue
2.927668485774941,4.645364305314355,Red
0.7519173741040424,-3.8022543372154787,Blue
1.0549904249690738,0.1893279047684373,Blue
3.027753740589496,2.867907369199247,Red
2.4754546403036075,6.333543857142244,Red
-3.9570802868606574,-0.26319342550532576,Blue
-2.3743598295148836,-0.6345105243495011,Blue
-2.907760689642132,-3.4672916815983386,Blue
4.963793227560272,2.2048767433333647,Red
-2.290159997356078,1.0964711146023336,Blue
6.898175950822734,4.581227734322452,Red
-0.49012551884560485,-0.3060480208493407,Blue
3.3053900909794205,7.2838909547631605,Red
3.3136116569967338,4.688603674135102,Red
-3.004354384870311,0.3396480614117814,Blue
2.278937370427638,3.5506595164263945,Red
-2.416337796869331,2.8613320267431717,Red
-1.3076734564445427,-0.44870692067079754,Blue
-2.397316924828301,0.22288445433248283,Blue
-1.0708315120062848,-0.9581353849329967,Blue
2.019646114750924,1.300522671919044,Red
-1.9613225545202724,-5.3395358165878415,Blue
0.9669639474299621,-1.1575467593820363,Blue
5.425649196414199,6.622603492586776,Red
-5.18363883766978,-1.5805690057069333,Blue
3.409381474295762,3.8628413569428264,Red
1.0240430284364155,3.5284442569426937,Red
-0.9535239508410572,2.1426087768319637,Blue
3.412238592416382,4.02823208166936,Red
-0.401946925403289,-0.042603147355280924,Blue
1.505981373457134,-0.9285998671749475,Blue
-1.324782233729576,4.198647295468235,Red
3.2344892814491515,3.9680342392997403,Red
-0.17228692692345238,5.338332903810544,Red
0.8949273199681778,1.7146701526060446,Red
0.8194613667960751,-2.579567226940882,Blue
0.44510104140150064,0.20624875220303251,Blue
1.1179329059015135,-2.4671787214290166,Blue
0.5670323219149598,7.372246634711679,Red
1.240997854786829,0.9492441575114154,Blue
2.219396042451132,1.6281270037608513,Blue
-1.0034604653921382,5.727842915666466,Red
4.456487558519901,5.665129144566778,Red
-4.584715623086782,-2.0308053653768554,Blue
-0.27925830785948724,2.5360993505087324,Red
-4.356428724478956,-0.5233005978069375,Blue
-2.043104739663045,-1.4006651676925381,Blue
1.3622715409598851,-2.3659715523442335,Blue
3.528167702858342,-1.5448696731396798,Blue
2.0087036219818817,1.1809472342919505,Blue
0.7503715669587563,3.107612229957975,Red
2.7525540822258554,3.4675062180764957,Red
3.0839389077472914,7.606324275657664,Red
-0.5082705007275901,-3.6858067991233128,Blue
-0.5329459931635064,0.5121281465138627,Blue
3.195275039135892,5.456140312041711,Red
-4.001953673132929,0.7381842489694326,Blue
3.7243131147131168,7.616013118779994,Red
2.8386249687596035,6.580310714129247,Red
-1.0003278569464542,-5.06958949643084,Blue
1.0122431898443893,7.711795591037885,Red
3.4274426826837905,8.342654649824565,Red
2.465302896242238,3.516132357430248,Red
2.895758615485195,2.74053706186259,Red
-2.6227036510359856,-4.435069323839016,Blue
-2.5243613524625776,-2.9679504119389235,Blue
-0.058934114448366604,0.5782479138008492,Blue
-4.057079757073536,-0.3107803183982015,Blue
3.3401282702375976,3.7540553353151527,Red
2.235250377461451,-5.0471874765828115,Blue
-1.042086081404944,4.604624221235851,Red
4.007902543882844,7.4049685515396275,Red
-0.7572017879025563,-0.2787083102586335,Blue
-2.5141417281190255,0.5914762608719071,Blue
1.7954113813267578,-1.4784321644606053,Blue
1.2821332806883703,0.4491258826435527,Blue
-2.258357078446141,0.5461940807836108,Blue
1.7423659172608623,3.07387879520891,Red
-1.7155746042758575,0.7162835907704044,Blue
-1.5730897372562183,0.7031157070308292,Blue
-2.088632162162875,0.30217558346474527,Blue
1.9416298945781443,-0.6686252369081178,Blue
1.059005667480761,5.7540528115540095,Red
1.2206571358246197,0.9137240793503738,Blue
-0.5849056668557763,-1.742046233681731,Blue
2.926924205654653,4.0782956295956145,Red
3.464600919717858,-2.8800228877640057,Blue
3.5804214420492673,0.7566457345221669,Red
-0.7919883768852221,-1.5481391249381766,Blue
-0.865492333511868,-7.8239019874506495,Blue
0.8409547546118223,5.489758319331813,Red
-5.811793065189275,-2.4950785618134326,Blue
0.7260374051221961,-2.357930975818804,Blue
0.49998658099056925,6.479328116720676,Red
0.21406537611126142,4.008369516251287,Red
2.9441777772325883,6.939989577478454,Red
1.8973937425527199,-5.573602127278712,Blue
-2.7760163200480807,0.47818205498991384,Blue
4.132686942381627,4.773967963737943,Red
1.3531640246534629,4.1343246619818395,Red
1.3951556750247738,4.97215363890673,Red
-0.04520666138345586,5.131081618865152,Red
0.02193605008322841,6.221707884856791,Red
4.161287367496987,2.721739823048827,Red
-0.3566565838633522,0.6853048799833859,Blue
-2.914367964248995,-2.3674534692074714,Blue
4.986655850051902,5.212424353364051,Red
-1.586622255165926,1.9882961920491593,Red
-2.6319612940349084,-2.0040378922321826,Blue
-1.651132739849103,4.357780126327054,Red
-2.3771915680352222,-0.5949020181129676,Blue
-0.9372216218649374,3.4217889034640856,Red
-2.2844302474529026,-0.563117955611395,Blue
3.573546910301762,5.485434187051719,Red
5.014970642850782,10.561762188994475,Red
1.8194425762724191,3.9836533433828243,Red
-0.25877497504870095,-0.7620894569869936,Blue
-2.66941349795596,0.16028741824305826,Blue
2.326821204506981,3.6077704829817367,Red
0.3506496287908969,7.474219909805859,Red
-1.1331750949304291,-3.3192563398134554,Blue
0.9029305183488285,5.650812918058993,Red
-2.6508265593324465,0.6996464243579017,Blue
-3.060933425596839,-2.442862873797881,Blue
-0.4066136437255894,3.799336518879527,Red
3.319570874912664,2.2664630484874904,Blue
3.486325724330092,3.534480623340584,Red
-1.8019805894898757,-3.0596520890560956,Blue
-4.057961885641173,-4.4214056256975685,Blue
-1.771984097587981,-2.385358931708645,Blue
1.5099593647682,4.408000257380644,Red
1.0195687077901057,1.488608365847968,Blue
-3.304530171113019,-1.3856050394423016,Blue
-1.6304508346455209,-0.6269073787789905,Blue
-1.5849292768084398,1.256845632900744,Blue
-2.245763135689285,6.543303324036778,Red
-1.708287824485542,-0.8094806627309757,Blue
4.241169693394275,6.057250351943926,Red
-1.304249577747626,-3.0827368514354943,Blue
-1.2525162017772664,3.485379156532561,Red
0.07520941731915609,1.4199043273194256,Blue
0.2913201917377497,-2.2201438766056327,Blue
4.851825684510063,5.321153737514721,Red
3.2841687152520427,2.903615027918658,Red
1.8169818302269498,4.217158245421794,Red
1.0015774685754448,2.273566271849265,Blue
2.5336845181111807,2.525953713822065,Red
-1.8628540319909543,1.8749070432707802,Blue
4.775686617649569,4.278205946213103,Red
2.903038193699637,3.3222822104629928,Red
1.4387583919427938,4.003968564979548,Red
-3.2349320836633053,-2.0728190858247384,Blue
-0.2695750912581891,0.02765467621006279,Blue
2.5831914829433265,2.6725088661374685,Red
2.4748688545619433,6.913959927678538,Red
-0.6562318543820729,-1.666637592806206,Blue
-2.537892076244958,0.25357708602323403,Blue
2.3673881920354054,6.458213609757143,Red
0.47026917070441465,-1.05630880156637,Blue
-0.5441757421158846,-0.3342074623971364,Blue
3.461350359395033,5.653133879623343,Red
-0.6574721396853649,4.758801839828405,Red
-1.0020145693596736,-1.2816865042130878,Blue
-4.079025223102469,-4.10116602705027,Blue
-3.0944425101407256,-0.8723663316070276,Blue
2.234280480909919,3.948110028966786,Red
-3.2384872536900247,-1.0694227110572108,Blue
-2.361821692802738,-0.35305204754106456,Blue
0.296748927187779,-1.2627266113828346,Blue
4.170369784621778,2.8389398275846416,Red
-1.2397053465039365,1.2659664161882769,Blue
2.3907248812407036,1.3963336318877806,Red
-0.2594638863034531,-0.42619118345435525,Blue
1.6885447052882552,3.4394496742577725,Red
3.42025605309359,7.922230199557598,Red
2.9905782512301133,7.23358666696755,Red
5.710132282406002,5.667403462102748,Red
0.6764799692542542,-2.4067588969788165,Blue
-0.21313723211968183,5.453820960705255,Red
4.982343055490961,4.213434961557377,Red
2.515692332198189,-2.7314458549578515,Blue
1.9599152336106722,1.3476269743578109,Blue
6.391992429078524,4.191751091600406,Red
0.5704888907563146,1.2565614684442155,Blue
-1.128344983303593,5.376253478766481,Red
2.1640779281875444,5.543366823633943,Red
0.33196356801811944,2.835111112338959,Red
-1.7609429380109403,-4.209573926767308,Blue
-3.374221382874312,-1.7946537303586567,Blue
-0.7473852755490162,-0.6215992478791506,Blue
-1.2093474833688227,2.3826982327975283,Blue
4.297218371966701,5.738923153492295,Red
-1.1978477263612621,2.161133690893203,Red
2.716548546297712,-3.330403447642836,Blue
3.423311339890926,4.5403661227448024,Red
3.767996584065144,3.7213975979806158,Red
4.047774729303662,6.169444408829362,Red
1.409376897062823,3.0589867033641265,Red
1.5577370711196117,3.5259500695174397,Red
-2.221832398133291,-0.5391178741020384,Blue
3.551283781849693,3.8306467519785805,Red
-1.0719738080434145,0.5589819278141013,Blue
-1.8604427232096472,-3.847220333331073,Blue
-2.698621541503927,-2.545988587856283,Blue
-0.1826876140548589,-0.6110952131612646,Blue
-0.39837031545269364,5.228071804336084,Red
-0.5806489535283661,4.178233670847527,Red
-4.524229077126477,-1.3225625633223161,Blue
3.7337139857371735,4.703851979126739,Red
3.7713696044089207,0.12265932457386697,Red
0.38901800824389143,7.268833407110663,Red
-0.9561124949128015,4.1567919244754785,Red
-0.7655120303403715,-4.016550908135086,Blue
-0.1321623011098626,0.8910398422245045,Blue
-6.190086147868297,-1.1712136575821066,Blue
-1.8807020544685322,-2.4609062337522754,Blue
0.46430241076247847,4.436188158175397,Red
2.791005763699407,3.1186054539862242,Red
2.766496396030948,4.015503302949642,Red
-4.9162957023131275,-2.596794992186243,Blue
-0.7092662084258787,2.4982825184430397,Red
4.135841418723249,5.690786461347269,Red
3.9466966424128707,2.8529794364020526,Red
-4.040840149382722,-5.188445765705884,Blue
-0.5416033036585028,-0.7623826179699549,Blue
2.6272749472103154,1.9480012551748045,Red
-0.06352331163325275,3.418188121730738,Blue
3.5601006047241768,4.483820845526683,Red
-0.7968589469497188,-2.504949208395661,Blue
-2.5025245606490376,-2.0688128007670037,Blue
1.4237691031232762,-0.22855603631406074,Blue
1.758262301981043,5.222779114500167,Red
-2.0258490132115266,-0.47815784233355874,Blue
-1.6294913145069485,-0.11408933690419498,Blue
2.0391997794719185,2.682814463175413,Red
0.9083294987794122,-3.174711437035695,Blue
-1.874225540264007,1.4626046460037263,Blue
2.763110086496627,5.458469455778733,Red
2.1829538696199435,2.363023795161053,Blue
-0.9228077462083984,-2.0751307722466024,Blue
-1.5390959418253587,-0.5802778204350062,Blue
0.32355794704218677,2.7678475486097094,Red
1.7822601981740986,3.6934555841603505,Red
1.0023151309629204,1.7798493008337193,Blue
0.6808329732309457,2.7463442055439535,Red
-0.5745277221238073,-0.29860766119350557,Blue
-2.1380875316307204,2.924172521767994,Blue
-2.01301879440655,-1.1591980255343386,Blue
-0.4682078693860361,3.0214769576288543,Red
-1.5455591712949115,-1.1851219614893114,Blue
-0.09776847518681464,5.939571111843857,Red
3.2414422606538507,9.584573063008168,Red
-2.6243707580735727,-1.5609494369815262,Blue
3.7951197525440574,4.959093764098115,Red
-2.6433850207717136,0.6055609519223362,Blue
0.06876431863177956,0.756181868175883,Blue
5.197126229443596,2.4398139606622764,Red
-1.0655544939234964,7.898437660710991,Red
-0.8058632571615169,2.30272070397414,Blue
-0.5209111903318999,4.9085219274237115,Red
2.1539664445324065,5.764884428321931,Red
1.0518072869927189,4.341266202261785,Red
1.4541279609913595,2.50282197346706,Red
3.116685621038573,7.413243455085642,Red
-1.6008260498871647,-1.947627555301457,Blue
2.639982635178262,3.308049977831759,Red
1.1832250714300137,4.164036031718231,Red
1.8389205557954473,-2.9120892467910924,Blue
1.0549778684938484,2.959026969583622,Blue
1.1344658091910949,6.920756752415736,Red
0.14439608199944987,4.147808912627115,Red
-2.348598471087765,-3.1466280822560444,Blue
-0.4596310389029501,5.687762992796044,Red
3.1034693933596804,2.0692534041031347,Red
1.7476585497757522,3.092486805082472,Red
0.1276640953392989,8.388687772665977,Red
-0.6604351267976034,-0.6240311616789986,Blue
-3.2757773249025597,0.1370466625037039,Blue
-0.6051166256137058,-1.7823844860366278,Blue
1.296317573150179,6.940074857547035,Red
-0.26380322323242567,5.226020251657722,Red
-3.308017822656055,7.119367342265733,Red
2.5878165663540402,4.942379853174782,Red
0.2811378169143324,-1.6341669576766429,Blue
-2.6875253803695895,-0.8509220111208757,Blue
-2.504648925531705,-1.4736189684119587,Blue
-2.4743421803406855,0.7345446604583621,Blue
-1.8157589200534425,-2.6471257024957544,Blue
-0.1983425564676532,0.7278242878513459,Blue
2.0927416322588925,3.8532495445721495,Red
0.18297451867673176,-5.7858533965075205,Blue
1.0718859619526413,-2.0249352713644857,Blue
3.149117407163698,0.6823259360957612,Blue
-2.9592703505121998,-3.4615595315246637,Blue
1.4777359812408353,-0.07133821653601968,Blue
2.441535822932618,4.267854990263697,Red
-4.406825239597174,-0.9668572650298846,Blue
3.2103886393176513,1.0614960157262077,Blue
-0.2669162221028045,0.6468848504951377,Blue
-2.914731475511061,3.986180846889665,Blue
0.85163945686148,7.585885151178296,Red
5.046744220978093,4.918739063894854,Red
-1.8324505788891332,-2.8818814938402078,Blue
1.4349465753721056,5.573990462313064,Red
0.644768314659993,5.239930032845759,Red
1.3690318364793952,6.492346688411976,Red
0.3307550682731324,-2.572551159107671,Blue
-4.008631384190163,2.138714613439377,Red
-1.9818510722190887,-0.29244898084038673,Blue
1.9765589952392593,-2.4784500176138238,Blue
-1.475335570443685,1.726468008797783,Blue
-2.627886550452844,-3.7344178056722557,Blue
-1.6413705865528514,-0.577566630924754,Blue
-0.1331156386331107,-0.07284436837814479,Blue
-4.981852460499451,1.3163298700144157,Blue
-1.0604159989029298,-1.396675803645639,Blue
0.3810455274926945,6.4133796124072475,Red
-4.126902395241015,0.762477679561163,Blue
3.628615007093744,3.564088545112952,Blue
-2.298783163447186,0.6279829516097888,Blue
6.078522154957204,3.117507966831714,Red
-2.2137440411471765,2.801121397470988,Red
-0.7534031533808068,-4.363992520235515,Blue
-0.47621636180685634,-1.62162363895999,Blue
0.2948136934391441,3.025535768871287,Red
0.4485141348120296,-2.9263552697915287,Blue
-0.3122449048568444,-0.4140773134044885,Blue
-2.0524165378912893,0.95982263829987,Blue
0.16663853541003593,7.668921389336086,Red
3.529915351112979,3.940752802655382,Red
3.128838556202333,1.6734777605331295,Red
-1.3186678010139419,-5.507497411728225,Blue
4.358940412585095,4.935325146405617,Red
-3.6903947038150684,-0.37230960784312217,Blue
-4.1552394460208495,0.6076058341673651,Blue
-0.43107721176180047,-0.02155351960626073,Blue
2.7606168017613335,-0.818675151422755,Blue
-0.6639498497235645,2.586800178609528,Red
3.1685032146667953,6.30805603887741,Red
0.13052591050481954,3.642317427667665,Red
0.21213810354883744,4.856699730932656,Red
0.9762688354506805,6.005068560970203,Red
0.96096339249311,-0.8344552543956606,Blue
2.5890555909094997,-0.23620584464533934,Blue
-2.7931006677003496,-3.2432920692149017,Blue
4.45313126797755,2.9026107053576284,Red
-4.450022726214794,-2.022590925079304,Blue
-0.3005659329202559,2.7774146472454833,Red
1.5352621892230687,5.422101448166978,Red
0.4249358534626233,1.65090709931399,Blue
1.8762263654114917,5.103547253989789,Red
-1.6295931745265828,-0.3535283908357718,Blue
0.5456271733642728,-1.0674012209201595,Blue
0.7697801862377109,3.8143619621640483,Red
-2.308934481630904,0.8245605322933451,Blue
1.4110145661903934,-0.8403416540492108,Red
-0.3885867449047269,0.37431944526927463,Red
-2.2193325322945583,-0.6015039615756703,Blue
0.6863910673040203,1.838972706346928,Blue
2.167101279074715,5.817501159539025,Red
0.1126378623270905,4.520204616101172,Red
-0.7016444954678023,7.996608405964921,Red
3.820509671811082,3.972676417430249,Red
-1.0465940622551497,3.10170299269367,Red
0.7522124293795083,4.9458287409109,Red
2.281398814878627,6.66218171795798,Red
1.542080271485042,4.605456161309213,Red
0.8625317853289243,0.2329152226472484,Blue
0.20214664148468509,7.6681116971612155,Red
3.42352859900429,5.38033735022097,Red
4.000856367159335,4.124978279108812,Red
1.0492254612678862,-1.637203704089756,Blue
4.574016934737814,3.2061209247002425,Red
3.587857731228432,4.8762419780264965,Red
-0.3041614224182456,0.3687032542236264,Blue
1.4745245207016384,4.484487020631978,Red
-0.12938423834692747,2.574004072023948,Blue
-1.8232675420096531,-0.4107760909694189,Blue
-3.2033393251164552,-0.08438110948294664,Blue
-0.5903123628378575,6.610026610155321,Red
-0.2634964821024717,-0.9454661484995476,Blue
-1.7412094004253893,-0.5408011278267233,Blue
0.3168685273911711,4.818771988031411,Red
2.9966828245107706,0.20412143551269213,Blue
1.6988813306592263,-2.82955787179052,Blue
3.1732892735870366,6.107995367406263,Red
-0.6263545502431758,-1.4783303265670382,Blue
-3.390371373009068,0.9310459064836665,Blue
1.3248197687371386,-4.082501041813494,Blue
3.051522543655498,6.898932395546863,Red
0.47203054613654216,3.817754448243625,Red
4.908664109273367,8.246709770475029,Red
-1.9320882855403163,-1.521454255306645,Blue
1.5663019419507527,6.499784662358186,Red
-0.053056259697731756,2.6489208263570756,Blue
-1.82451221206415,0.6477319853262447,Blue
2.8864716423637486,4.069871412608663,Red
1.4669966082704193,0.42673643341346246,Red
2.488789130444785,5.805017212184562,Red
2.5555263279755653,2.1827600197329358,Red
3.6604355935369233,2.659808510800712,Red
-1.0658443967064475,6.257556342694727,Red
-2.1504047265826927,0.8663635531568161,Blue
0.8686400103507219,3.6673379504279304,Red
0.5576836994438308,4.276166498765954,Red
4.818354873098432,5.848254114613079,Red
0.39952090097962856,-2.0296249812722227,Blue
-1.3461318558889623,0.8440982112789914,Blue
0.3681305484607582,-1.8726334544518215,Blue
-3.554094225563177,-0.3738567669446058,Blue
-2.3330705407501418,-0.33546761732684693,Blue
-4.479734495663548,-2.6725038752633155,Blue
2.5372467285733955,1.4321810012803153,Red
-0.91468587768345,-1.5154385517662696,Blue
-0.02002846240061329,1.9709796313444574,Red
0.17117032604010762,2.329802684736225,Red
2.959919587436585,4.493549132574434,Red
-3.3313628566903484,-0.2720241139940336,Blue
0.5237930049238626,6.810422186560817,Red
5.47669238330292,4.533146783337576,Red
3.14148185323441,7.034311336988287,Red
2.089743460236705,3.2903141118002104,Blue
0.3173179853895651,3.82687741684873,Red
2.278835011748649,5.340928626266982,Red
0.13097563130555256,7.971884505774568,Red
4.597054836542395,4.008475100722766,Red
0.5829378975651802,-0.666122730549694,Blue
2.067451354868021,5.247829653807462,Red
1.7954375760227566,4.985222067374672,Red
-1.794844126800939,-2.0805909866470995,Blue
5.066454969513535,3.7700227425503994,Red
4.331832356697023,5.2479777483864405,Red
-1.000676888740723,-1.6752776594459544,Blue
0.9275796041083813,-0.6397728919800107,Blue
-5.206868898400656,-0.9219950265276329,Blue
-2.127462157864402,-1.0569567704191372,Blue
-2.8518320471879104,-1.9577392012834067,Blue
-3.2464580374880008,-1.4400109126473826,Blue
-1.7145282960708679,-0.947391839051339,Blue
-0.5786867888903106,-1.6310649371397803,Blue
1.5387886100870838,-1.8310827790208495,Blue
-3.3883365842008883,2.6221423122642356,Blue
-0.7180913613805983,-0.14329105906436446,Blue
2.314862155133777,4.156362407608405,Red
3.225204269586045,5.957284247546199,Red
